Sample_name,Well,Set,PrimerF,PrimerR,Locus
999-2,C03,B,GYAATCACTTGTCTTTTAAATGAAGACC,GGATTGCGCTGTTATCCCTA,16S_Prey
59-2,H03,B,GYAATCACTTGTCTTTTAAATGAAGACC,GGATTGCGCTGTTATCCCTA,16S_Prey
62-2,A04,B,GYAATCACTTGTCTTTTAAATGAAGACC,GGATTGCGCTGTTATCCCTA,16S_Prey
63-2,B04,B,GYAATCACTTGTCTTTTAAATGAAGACC,GGATTGCGCTGTTATCCCTA,16S_Prey
284-2,C04,B,GYAATCACTTGTCTTTTAAATGAAGACC,GGATTGCGCTGTTATCCCTA,16S_Prey
285-2,D04,B,GYAATCACTTGTCTTTTAAATGAAGACC,GGATTGCGCTGTTATCCCTA,16S_Prey
343-2,E04,B,GYAATCACTTGTCTTTTAAATGAAGACC,GGATTGCGCTGTTATCCCTA,16S_Prey
344-2,F04,B,GYAATCACTTGTCTTTTAAATGAAGACC,GGATTGCGCTGTTATCCCTA,16S_Prey
345-2,G04,B,GYAATCACTTGTCTTTTAAATGAAGACC,GGATTGCGCTGTTATCCCTA,16S_Prey
456-2,H04,B,GYAATCACTTGTCTTTTAAATGAAGACC,GGATTGCGCTGTTATCCCTA,16S_Prey
457-2,A05,B,GYAATCACTTGTCTTTTAAATGAAGACC,GGATTGCGCTGTTATCCCTA,16S_Prey
780-2,C05,B,GYAATCACTTGTCTTTTAAATGAAGACC,GGATTGCGCTGTTATCCCTA,16S_Prey
985-2,E05,B,GYAATCACTTGTCTTTTAAATGAAGACC,GGATTGCGCTGTTATCCCTA,16S_Prey
987-2,F05,B,GYAATCACTTGTCTTTTAAATGAAGACC,GGATTGCGCTGTTATCCCTA,16S_Prey
988-2,G05,B,GYAATCACTTGTCTTTTAAATGAAGACC,GGATTGCGCTGTTATCCCTA,16S_Prey
1004-2,A06,B,GYAATCACTTGTCTTTTAAATGAAGACC,GGATTGCGCTGTTATCCCTA,16S_Prey
81-2,E09,A,GYAATCACTTGTCTTTTAAATGAAGACC,GGATTGCGCTGTTATCCCTA,16S_Prey
342-2,F09,A,GYAATCACTTGTCTTTTAAATGAAGACC,GGATTGCGCTGTTATCCCTA,16S_Prey
489-2,H09,A,GYAATCACTTGTCTTTTAAATGAAGACC,GGATTGCGCTGTTATCCCTA,16S_Prey
848-2,B10,A,GYAATCACTTGTCTTTTAAATGAAGACC,GGATTGCGCTGTTATCCCTA,16S_Prey
998-2,E10,A,GYAATCACTTGTCTTTTAAATGAAGACC,GGATTGCGCTGTTATCCCTA,16S_Prey
1274-2,C11,A,GYAATCACTTGTCTTTTAAATGAAGACC,GGATTGCGCTGTTATCCCTA,16S_Prey
458-1,A03,B,GYAATCACTTGTCTTTTAAATGAAGACC,GGATTGCGCTGTTATCCCTA,16S_Prey
458-2,B05,B,GYAATCACTTGTCTTTTAAATGAAGACC,GGATTGCGCTGTTATCCCTA,16S_Prey
800-1,B03,B,GYAATCACTTGTCTTTTAAATGAAGACC,GGATTGCGCTGTTATCCCTA,16S_Prey
800-2,D05,B,GYAATCACTTGTCTTTTAAATGAAGACC,GGATTGCGCTGTTATCCCTA,16S_Prey
999-2,F10,A,GYAATCACTTGTCTTTTAAATGAAGACC,GGATTGCGCTGTTATCCCTA,16S_Prey
1003-1,D03,B,GYAATCACTTGTCTTTTAAATGAAGACC,GGATTGCGCTGTTATCCCTA,16S_Prey
1003-2,H05,B,GYAATCACTTGTCTTTTAAATGAAGACC,GGATTGCGCTGTTATCCCTA,16S_Prey
1003-3,G10,A,GYAATCACTTGTCTTTTAAATGAAGACC,GGATTGCGCTGTTATCCCTA,16S_Prey
1003-4,E12,B,GYAATCACTTGTCTTTTAAATGAAGACC,GGATTGCGCTGTTATCCCTA,16S_Prey
1769-1,E03,B,GYAATCACTTGTCTTTTAAATGAAGACC,GGATTGCGCTGTTATCCCTA,16S_Prey
1769-2,D07,B,GYAATCACTTGTCTTTTAAATGAAGACC,GGATTGCGCTGTTATCCCTA,16S_Prey
1770-1,F03,B,GYAATCACTTGTCTTTTAAATGAAGACC,GGATTGCGCTGTTATCCCTA,16S_Prey
1770-2,E07,B,GYAATCACTTGTCTTTTAAATGAAGACC,GGATTGCGCTGTTATCCCTA,16S_Prey
1779-1,G03,B,GYAATCACTTGTCTTTTAAATGAAGACC,GGATTGCGCTGTTATCCCTA,16S_Prey
1779-2,F07,B,GYAATCACTTGTCTTTTAAATGAAGACC,GGATTGCGCTGTTATCCCTA,16S_Prey
985-2,D02,A,GYAATCACTTGTCTTTTAAATGAAGACC,GGATTGCGCTGTTATCCCTA,16S_Prey
985-3,C10,A,GYAATCACTTGTCTTTTAAATGAAGACC,GGATTGCGCTGTTATCCCTA,16S_Prey
1004-2,F12,B,GYAATCACTTGTCTTTTAAATGAAGACC,GGATTGCGCTGTTATCCCTA,16S_Prey
1205-1,B06,B,GYAATCACTTGTCTTTTAAATGAAGACC,GGATTGCGCTGTTATCCCTA,16S_Prey
1205-2,G07,B,GYAATCACTTGTCTTTTAAATGAAGACC,GGATTGCGCTGTTATCCCTA,16S_Prey
1205-3,D03,A,GYAATCACTTGTCTTTTAAATGAAGACC,GGATTGCGCTGTTATCCCTA,16S_Prey
1205-4,H10,A,GYAATCACTTGTCTTTTAAATGAAGACC,GGATTGCGCTGTTATCCCTA,16S_Prey
1206-1,C06,B,GYAATCACTTGTCTTTTAAATGAAGACC,GGATTGCGCTGTTATCCCTA,16S_Prey
1206-2,H07,B,GYAATCACTTGTCTTTTAAATGAAGACC,GGATTGCGCTGTTATCCCTA,16S_Prey
1206-3,B05,A,GYAATCACTTGTCTTTTAAATGAAGACC,GGATTGCGCTGTTATCCCTA,16S_Prey
1206-4,A11,A,GYAATCACTTGTCTTTTAAATGAAGACC,GGATTGCGCTGTTATCCCTA,16S_Prey
1207-1,D06,B,GYAATCACTTGTCTTTTAAATGAAGACC,GGATTGCGCTGTTATCCCTA,16S_Prey
1207-2,A08,B,GYAATCACTTGTCTTTTAAATGAAGACC,GGATTGCGCTGTTATCCCTA,16S_Prey
1208-1,E06,B,GYAATCACTTGTCTTTTAAATGAAGACC,GGATTGCGCTGTTATCCCTA,16S_Prey
1208-2,B08,B,GYAATCACTTGTCTTTTAAATGAAGACC,GGATTGCGCTGTTATCCCTA,16S_Prey
1538-1,F06,B,GYAATCACTTGTCTTTTAAATGAAGACC,GGATTGCGCTGTTATCCCTA,16S_Prey
1538-2,C08,B,GYAATCACTTGTCTTTTAAATGAAGACC,GGATTGCGCTGTTATCCCTA,16S_Prey
1538-3,D11,A,GYAATCACTTGTCTTTTAAATGAAGACC,GGATTGCGCTGTTATCCCTA,16S_Prey
1538-4,G12,B,GYAATCACTTGTCTTTTAAATGAAGACC,GGATTGCGCTGTTATCCCTA,16S_Prey
1539-1,G06,B,GYAATCACTTGTCTTTTAAATGAAGACC,GGATTGCGCTGTTATCCCTA,16S_Prey
1539-2,D08,B,GYAATCACTTGTCTTTTAAATGAAGACC,GGATTGCGCTGTTATCCCTA,16S_Prey
1540-1,H06,B,GYAATCACTTGTCTTTTAAATGAAGACC,GGATTGCGCTGTTATCCCTA,16S_Prey
1540-2,E08,B,GYAATCACTTGTCTTTTAAATGAAGACC,GGATTGCGCTGTTATCCCTA,16S_Prey
1540-3,H12,B,GYAATCACTTGTCTTTTAAATGAAGACC,GGATTGCGCTGTTATCCCTA,16S_Prey
1573-1,A07,B,GYAATCACTTGTCTTTTAAATGAAGACC,GGATTGCGCTGTTATCCCTA,16S_Prey
1573-2,F08,B,GYAATCACTTGTCTTTTAAATGAAGACC,GGATTGCGCTGTTATCCCTA,16S_Prey
1574-1,B07,B,GYAATCACTTGTCTTTTAAATGAAGACC,GGATTGCGCTGTTATCCCTA,16S_Prey
1574-2,G08,B,GYAATCACTTGTCTTTTAAATGAAGACC,GGATTGCGCTGTTATCCCTA,16S_Prey
1719-1,C07,B,GYAATCACTTGTCTTTTAAATGAAGACC,GGATTGCGCTGTTATCCCTA,16S_Prey
1719-2,H08,B,GYAATCACTTGTCTTTTAAATGAAGACC,GGATTGCGCTGTTATCCCTA,16S_Prey
64-1,A01,A,GYAATCACTTGTCTTTTAAATGAAGACC,GGATTGCGCTGTTATCCCTA,16S_Prey
64-2,E04,A,GYAATCACTTGTCTTTTAAATGAAGACC,GGATTGCGCTGTTATCCCTA,16S_Prey
65-1,B01,A,GYAATCACTTGTCTTTTAAATGAAGACC,GGATTGCGCTGTTATCCCTA,16S_Prey
65-2,F04,A,GYAATCACTTGTCTTTTAAATGAAGACC,GGATTGCGCTGTTATCCCTA,16S_Prey
71-1,C01,A,GYAATCACTTGTCTTTTAAATGAAGACC,GGATTGCGCTGTTATCCCTA,16S_Prey
71-2,C09,A,GYAATCACTTGTCTTTTAAATGAAGACC,GGATTGCGCTGTTATCCCTA,16S_Prey
73-1,D01,A,GYAATCACTTGTCTTTTAAATGAAGACC,GGATTGCGCTGTTATCCCTA,16S_Prey
73-2,H04,A,GYAATCACTTGTCTTTTAAATGAAGACC,GGATTGCGCTGTTATCCCTA,16S_Prey
310-1,E01,A,GYAATCACTTGTCTTTTAAATGAAGACC,GGATTGCGCTGTTATCCCTA,16S_Prey
310-2,A05,A,GYAATCACTTGTCTTTTAAATGAAGACC,GGATTGCGCTGTTATCCCTA,16S_Prey
311-1,F01,A,GYAATCACTTGTCTTTTAAATGAAGACC,GGATTGCGCTGTTATCCCTA,16S_Prey
334-1,G01,A,GYAATCACTTGTCTTTTAAATGAAGACC,GGATTGCGCTGTTATCCCTA,16S_Prey
334-2,C05,A,GYAATCACTTGTCTTTTAAATGAAGACC,GGATTGCGCTGTTATCCCTA,16S_Prey
335-1,H01,A,GYAATCACTTGTCTTTTAAATGAAGACC,GGATTGCGCTGTTATCCCTA,16S_Prey
335-2,D05,A,GYAATCACTTGTCTTTTAAATGAAGACC,GGATTGCGCTGTTATCCCTA,16S_Prey
478-1,A02,A,GYAATCACTTGTCTTTTAAATGAAGACC,GGATTGCGCTGTTATCCCTA,16S_Prey
478-2,E05,A,GYAATCACTTGTCTTTTAAATGAAGACC,GGATTGCGCTGTTATCCCTA,16S_Prey
479-1,B02,A,GYAATCACTTGTCTTTTAAATGAAGACC,GGATTGCGCTGTTATCCCTA,16S_Prey
479-2,F05,A,GYAATCACTTGTCTTTTAAATGAAGACC,GGATTGCGCTGTTATCCCTA,16S_Prey
502-1,C02,A,GYAATCACTTGTCTTTTAAATGAAGACC,GGATTGCGCTGTTATCCCTA,16S_Prey
793-1,E02,A,GYAATCACTTGTCTTTTAAATGAAGACC,GGATTGCGCTGTTATCCCTA,16S_Prey
793-2,A06,A,GYAATCACTTGTCTTTTAAATGAAGACC,GGATTGCGCTGTTATCCCTA,16S_Prey
794-1,F02,A,GYAATCACTTGTCTTTTAAATGAAGACC,GGATTGCGCTGTTATCCCTA,16S_Prey
794-2,B06,A,GYAATCACTTGTCTTTTAAATGAAGACC,GGATTGCGCTGTTATCCCTA,16S_Prey
839-1,G02,A,GYAATCACTTGTCTTTTAAATGAAGACC,GGATTGCGCTGTTATCCCTA,16S_Prey
986-1,H02,A,GYAATCACTTGTCTTTTAAATGAAGACC,GGATTGCGCTGTTATCCCTA,16S_Prey
986-2,D10,A,GYAATCACTTGTCTTTTAAATGAAGACC,GGATTGCGCTGTTATCCCTA,16S_Prey
977-1,A03,A,GYAATCACTTGTCTTTTAAATGAAGACC,GGATTGCGCTGTTATCCCTA,16S_Prey
977-2,E06,A,GYAATCACTTGTCTTTTAAATGAAGACC,GGATTGCGCTGTTATCCCTA,16S_Prey
978-1,B03,A,GYAATCACTTGTCTTTTAAATGAAGACC,GGATTGCGCTGTTATCCCTA,16S_Prey
995-1,C03,A,GYAATCACTTGTCTTTTAAATGAAGACC,GGATTGCGCTGTTATCCCTA,16S_Prey
995-2,G06,A,GYAATCACTTGTCTTTTAAATGAAGACC,GGATTGCGCTGTTATCCCTA,16S_Prey
1001-1,E03,A,GYAATCACTTGTCTTTTAAATGAAGACC,GGATTGCGCTGTTATCCCTA,16S_Prey
1001-2,A11,B,GYAATCACTTGTCTTTTAAATGAAGACC,GGATTGCGCTGTTATCCCTA,16S_Prey
1002-1,F03,A,GYAATCACTTGTCTTTTAAATGAAGACC,GGATTGCGCTGTTATCCCTA,16S_Prey
1002-2,B11,B,GYAATCACTTGTCTTTTAAATGAAGACC,GGATTGCGCTGTTATCCCTA,16S_Prey
1219-1,G03,A,GYAATCACTTGTCTTTTAAATGAAGACC,GGATTGCGCTGTTATCCCTA,16S_Prey
1219-2,C11,B,GYAATCACTTGTCTTTTAAATGAAGACC,GGATTGCGCTGTTATCCCTA,16S_Prey
1220-1,H03,A,GYAATCACTTGTCTTTTAAATGAAGACC,GGATTGCGCTGTTATCCCTA,16S_Prey
1220-2,D11,B,GYAATCACTTGTCTTTTAAATGAAGACC,GGATTGCGCTGTTATCCCTA,16S_Prey
1265-1,A04,A,GYAATCACTTGTCTTTTAAATGAAGACC,GGATTGCGCTGTTATCCCTA,16S_Prey
1265-2,E11,B,GYAATCACTTGTCTTTTAAATGAAGACC,GGATTGCGCTGTTATCCCTA,16S_Prey
1266-1,B04,A,GYAATCACTTGTCTTTTAAATGAAGACC,GGATTGCGCTGTTATCCCTA,16S_Prey
1266-2,F11,B,GYAATCACTTGTCTTTTAAATGAAGACC,GGATTGCGCTGTTATCCCTA,16S_Prey
1543-1,C04,A,GYAATCACTTGTCTTTTAAATGAAGACC,GGATTGCGCTGTTATCCCTA,16S_Prey
1543-2,G11,B,GYAATCACTTGTCTTTTAAATGAAGACC,GGATTGCGCTGTTATCCCTA,16S_Prey
1544-1,D04,A,GYAATCACTTGTCTTTTAAATGAAGACC,GGATTGCGCTGTTATCCCTA,16S_Prey
1544-2,H11,B,GYAATCACTTGTCTTTTAAATGAAGACC,GGATTGCGCTGTTATCCCTA,16S_Prey
72-1,G04,A,GYAATCACTTGTCTTTTAAATGAAGACC,GGATTGCGCTGTTATCCCTA,16S_Prey
1228-1,G05,A,GYAATCACTTGTCTTTTAAATGAAGACC,GGATTGCGCTGTTATCCCTA,16S_Prey
1228-2,B11,A,GYAATCACTTGTCTTTTAAATGAAGACC,GGATTGCGCTGTTATCCCTA,16S_Prey
503-1,H05,A,GYAATCACTTGTCTTTTAAATGAAGACC,GGATTGCGCTGTTATCCCTA,16S_Prey
840-1,D06,A,GYAATCACTTGTCTTTTAAATGAAGACC,GGATTGCGCTGTTATCCCTA,16S_Prey
996-1,H06,A,GYAATCACTTGTCTTTTAAATGAAGACC,GGATTGCGCTGTTATCCCTA,16S_Prey
1541-1,A09,A,GYAATCACTTGTCTTTTAAATGAAGACC,GGATTGCGCTGTTATCCCTA,16S_Prey
68-1,B09,A,GYAATCACTTGTCTTTTAAATGAAGACC,GGATTGCGCTGTTATCCCTA,16S_Prey
80-1,D09,A,GYAATCACTTGTCTTTTAAATGAAGACC,GGATTGCGCTGTTATCCCTA,16S_Prey
462-1,G09,A,GYAATCACTTGTCTTTTAAATGAAGACC,GGATTGCGCTGTTATCCCTA,16S_Prey
462-2,B12,B,GYAATCACTTGTCTTTTAAATGAAGACC,GGATTGCGCTGTTATCCCTA,16S_Prey
799-1,A10,A,GYAATCACTTGTCTTTTAAATGAAGACC,GGATTGCGCTGTTATCCCTA,16S_Prey
799-2,C12,B,GYAATCACTTGTCTTTTAAATGAAGACC,GGATTGCGCTGTTATCCCTA,16S_Prey
1575-1,A12,B,GYAATCACTTGTCTTTTAAATGAAGACC,GGATTGCGCTGTTATCCCTA,16S_Prey
997-1,D12,B,GYAATCACTTGTCTTTTAAATGAAGACC,GGATTGCGCTGTTATCCCTA,16S_Prey
Tilapia-1,C06,A,GYAATCACTTGTCTTTTAAATGAAGACC,GGATTGCGCTGTTATCCCTA,16S_Prey
Tilapia-2,F06,A,GYAATCACTTGTCTTTTAAATGAAGACC,GGATTGCGCTGTTATCCCTA,16S_Prey
