Well,Sample,Success,Notes,PCR
A01,64,Y,NA,AW_PCR001
B01,65,Y,NA,AW_PCR001
G01,334,Y,NA,AW_PCR001
H01,335,Y,NA,AW_PCR001
D03,996,Y,NA,AW_PCR001
E03,1001,Y,NA,AW_PCR001
F03,1002,Y,NA,AW_PCR001
H03,1220,Y,NA,AW_PCR001
B04,1266,Y,NA,AW_PCR001
C04,1543,Y,NA,AW_PCR001
D04,1544,Y,NA,AW_PCR001
F04,1576,Y,NA,AW_PCR001
B06,68,Y,NA,AW_PCR001
D06,71,Y,NA,AW_PCR001
E06,80,Y,NA,AW_PCR001
F06,81,Y,NA,AW_PCR001
H06,342,Y,NA,AW_PCR001
A07,462,Y,NA,AW_PCR001
B07,489,Y,NA,AW_PCR001
C07,799,Y,NA,AW_PCR001
F07,848,Y,NA,AW_PCR001
G07,985,Y,NA,AW_PCR001
H07,986,Y,NA,AW_PCR001
B08,998,Y,NA,AW_PCR001
C08,999,Y,NA,AW_PCR001
D08,1003,Y,NA,AW_PCR001
A09,1205,Y,NA,AW_PCR001
B09,1206,Y,NA,AW_PCR001
D09,1228,Y,NA,AW_PCR001
F09,1274,Y,NA,AW_PCR001
A10,1538,Y,NA,AW_PCR001
H12,Tilipa PC,Y,NA,AW_PCR001
D03,71,Y,NA,AW_PCR007
A04,985,Y,NA,AW_PCR007
B04,986,Y,NA,AW_PCR007
D04,1205,Y,NA,AW_PCR007
E04,1206,Y,NA,AW_PCR007
G05,T+,Y,NA,AW_PCR007
A07,462,Y,NA,AW_PCR006
C07,799,Y,NA,AW_PCR006
A08,997,Y,NA,AW_PCR006
D08,1003,Y,NA,AW_PCR006
E08,1004,Y,NA,AW_PCR006
A10,1538,Y,NA,AW_PCR006
C10,1540,Y,NA,AW_PCR006
D10,1541,Y,NA,AW_PCR006
H11,Tiliapia,Y,NA,AW_PCR006
A01,64,Y,NA,AW_PCR004
B01,65,Y,NA,AW_PCR004
D01,73,Y,NA,AW_PCR004
E01,310,Y,NA,AW_PCR004
F01,311,Y,NA,AW_PCR004
G01,334,Y,NA,AW_PCR004
H01,335,Y,NA,AW_PCR004
A02,478,Y,NA,AW_PCR004
B02,479,Y,NA,AW_PCR004
C02,502,Y,NA,AW_PCR004
E02,793,Y,NA,AW_PCR004
F02,794,Y,NA,AW_PCR004
G02,839,Y,NA,AW_PCR004
A03,977,Y,NA,AW_PCR004
B03,978,Y,NA,AW_PCR004
C03,995,Y,NA,AW_PCR004
E03,1001,Y,NA,AW_PCR004
F03,1002,Y,NA,AW_PCR004
G03,1219,Y,NA,AW_PCR004
H03,1220,Y,NA,AW_PCR004
A04,1265,Y,NA,AW_PCR004
B04,1266,Y,NA,AW_PCR004
C04,1543,Y,NA,AW_PCR004
D04,1544,Y,NA,AW_PCR004
E04,1575,Y,NA,AW_PCR004
F04,1576,Y,NA,AW_PCR004
G04,1747,Y,NA,AW_PCR004
A05,1771,Y,NA,AW_PCR004
G05,T+,Y,NA,AW_PCR004
A01,64,Y,NA,AW_PCR005
B01,65,Y,NA,AW_PCR005
C01,72,Y,NA,AW_PCR005
D01,73,Y,NA,AW_PCR005
E01,310,Y,NA,AW_PCR005
G01,334,Y,NA,AW_PCR005
H01,335,Y,NA,AW_PCR005
A02,478,Y,NA,AW_PCR005
B02,479,Y,NA,AW_PCR005
D02,503,Y,NA,AW_PCR005
E02,793,Y,NA,AW_PCR005
F02,794,Y,NA,AW_PCR005
H02,840,Y,NA,AW_PCR005
A03,977,Y,NA,AW_PCR005
C03,995,Y,NA,AW_PCR005
D03,996,Y,NA,AW_PCR005
E03,1001,Y,NA,AW_PCR005
F03,1002,Y,NA,AW_PCR005
G03,1219,Y,NA,AW_PCR005
H03,1220,Y,NA,AW_PCR005
A04,1265,Y,NA,AW_PCR005
B04,1266,Y,NA,AW_PCR005
C04,1543,Y,NA,AW_PCR005
D04,1544,Y,NA,AW_PCR005
E04,1575,Y,NA,AW_PCR005
